{
"exact": 36.26716078497431, 
"f1": 41.38285053334361, 
"total": 11873, 
"HasAns_exact": 72.36842105263158, 
"HasAns_f1": 82.61447104966071, 
"HasAns_total": 5928,
"NoAns_exact": 0.2691337258200168, 
"NoAns_f1": 0.2691337258200168, 
"NoAns_total": 5945
}